"mean_size","cluster","scenario_num","scenario_use"
209.377358490566,3,"1",200
791.272727272727,1,"2",750
2227.33333333333,2,"3",2000
